categoria_id,nome_categoria,total_produtos
9ef41127-2775-40ad-abc8-837cdefd0633,PASTILHA DE FREIO,79
37920c58-e32b-4658-9c7b-f09a3bfe5dd2,RETENTOR,77
d733c26d-00f2-4c34-b5fe-9a7412f14420,MANGUEIRA,77
c01fe2a4-696a-493a-9b1a-ad7ff4d979c4,CORRÊIA DENTADA,62
46ee81df-0ee2-4ac1-9ffc-c3d60d14ef1a,CORRÊIA DO ALTERNADOR,54
221c92a4-cdef-4c14-b300-28f89b5cfd85,TERMINAL AXIAL,52
a3642ea1-b613-4fe5-92ec-be5d22bba884,TERMINAL DE DIREÇÃO,46
a1a74bd6-043d-46c6-a41e-791ff7794032,JUNTA DO CABEÇOTE,41
7560b9d2-cd90-4786-9bf0-7e5a8f20689e,CABO DE EMBREAGEM,40
23758471-4d5b-4556-b385-b5ea9f3dc236,JUNTA COLETOR,38
3d597cfd-5736-4e90-9cc1-d0731e7823ad,CABO DE ACELERADOR,36
7f9d8c16-b1f7-4c91-bb3c-ffd2e39544ad,FILTRO DE AR,32
448dd9d6-b2fb-40a1-9a57-be8551ca1d50,BARRA ESTABILIZADORA,31
d2696943-5166-4371-8fc9-e6a54fa01798,INTERRUPTORES,31
c49ca900-8200-47ab-8e24-0926901e5f00,LAMPADA AUTOMOTIVA,31
0f42a208-5d09-4e22-b720-332ce4555cb4,FILTRO DE AR CONDICIONADO,31
c2a833cd-df3f-4df9-9541-bb9ff4602ea4,COIFA HOMOCINETICA,30
f7fb8105-8859-4580-8ff3-d2aeaacd4265,ROLAMENTO DE RODA,29
489cc606-751e-48ec-bb6a-8ae10de43e4c,KIT AMORTECEDOR,29
92e9e123-8c84-4e35-89c4-48095802b4e0,FILTRO DE ÓLEO,28
9896f83e-0129-4046-a550-e2ebcb0302ce,PIVÔ DE DIREÇÃO,28
d78048db-88c3-4812-a5b6-214085d4534b,JUNTA TAMPA VALVULA,25
69221715-ee33-4169-a154-20e6c3b58261,FILTRO DE COMBUSTÍVEL,25
0396b221-c5f4-44bb-aee9-f7a8a1a577e3,SENSOR DE TEMPERATURA,24
b5c75928-bebc-45fe-9f5a-711202a875fb,CILINDRO,24
64b72953-5e98-4a61-9f35-199de2c17bba,VELAS,24
4331698f-452b-4cc6-8573-823939bee494,BIELETA,24
db2e9d47-7a26-413a-b803-fb293a2f918b,PIVÔ DE SUSPENSÃO,23
3c8b579b-6da1-4aea-89a0-0f0e46e2db09,CABOS DE IGNIÇÃO,23
b12de6d3-7afd-402e-b26f-f046ddd00b65,CUBO DE RODA,23
5c0e35a3-3ce6-4d22-8c51-f983cca8e740,RESERVATORIO DE AGUA RADIADOR,22
bd9a4c02-0d07-4795-89c6-0fb94affc3fb,HOMOCINÉTICA,22
401223d6-40f3-4a39-9203-739bad77c3fb,POLIA DO ALTERNADOR,21
5c716313-54b9-43d3-959d-0117403b5c29,JUNTA SAÍDA,21
1f7fece0-8fa3-492e-84ce-3699b558361d,MAÇANETA,19
95c3cf22-b591-407c-8aa7-bffc4739530f,BOMBA DE ÁGUA,19
9f95f565-2f8a-4655-9fb2-82668b992e19,COXIM AMORTECEDOR,19
dc2b1c1e-ec4c-4f43-a3e8-760c322cc268,JUNTA CARTER,16
6883e616-8d0e-431f-8d93-f2c7236dc80b,PARAFUSOS,16
cd79a616-edbc-4a41-9c1d-2f6eb1db16f9,CONDUITE DE FREIO,15
352bde69-89b9-4578-9aee-123aa973b499,SELO CABEÇOTE,14
c6e2575b-9004-420d-b30d-eec25cf9764b,COXIM MOTOR,14
febd1d4d-00dc-4189-9517-b958978ff512,PIVÔ,13
d4f50b1f-1c3b-4013-bada-6bb37d014097,SENSOR DE NÍVEL,13
edcfe8ba-3a06-4fd1-923a-b29bfcbbea5e,BUCHA BANDEJA,13
6025c569-c061-4b5b-9239-103620c9297d,FUSIVEIS,13
cedf8cd3-111e-4e79-a6e5-120b903c6b37,COIFA,13
d016f32d-bc78-467a-99f1-578979f92670,TENSOR,12
89e1dc26-9a2c-4730-902b-623f378b5ef2,ROLAMENTO,12
d47449fe-d708-458c-986b-361490b05c3f,REPARO PINÇA,12
dfcffa57-4c1c-44f3-b1cd-dc4d6bcc5480,TAMPA DE ÓLEO MOTOR,12
449f78e8-d11a-4c29-89d0-b5756e268ad1,SUPORTE DO MOTOR,11
562346c3-0b7b-4412-a3c5-1dc19b222173,CABO CAPO,11
6f0afc9f-e1d5-41e3-8d09-6fa23189dc4a,DISCO DE FREIO,11
35446d53-9fd6-4b3b-abf8-fb636a59307c,TAMPA RESERVATÓRIO DÁGUA,10
4d09c202-f4da-4954-b26b-8fb6a0313320,CABO VELOCIMETRO,10
87299e9d-cc06-4e37-8ce7-663b7d5c876b,TUBO DE CIRCULAÇÃO DE AGUA,10
aa12a435-2105-4599-8ec3-0eaf630346d6,BUCHA CAIXA DE DIREÇÃO,10
a2bbd488-6451-4b52-80df-3feb60bf9b9c,FECHADURA,10
3ce55d51-da19-49b1-a363-20d0032057bb,SAPATAS DE FREIO,9
707a70aa-c8f0-4a14-9ee4-343b2cb7ed27,LONA,9
d45afcb5-8794-4c87-9cf9-3fcaccdb37d7,CABO DE FREIO,9
a33bc168-574d-48dc-aec1-3dfa01ac6c4a,INTERRUPTOR DE OLEO,9
89a8c50f-41e1-4e8f-b210-498e2c6ca62d,DIVERSOS,9
afb3b8b6-5f4c-439b-b160-3fe2c8eea39d,INTERRUPTOR DE RÉ,8
7f5737c4-ddfd-4342-a4cb-72ccf4d90539,CABO DE FREIO DE MÃO,8
9083c6f7-9ec3-45ee-b0c1-3f5867d90f7c,VÁLVULA,8
5baf9b0c-9d97-4995-a4e7-5fc152dd77ca,COXIM SUSPENSÃO,8
ed5ad103-9102-47df-ad49-110456cb4f61,BUCHA,8
164e21dd-1548-44bc-8507-5088f4fd85f7,REGULADOR DE VOLTAGEM,8
f8d424b1-193a-47a7-9086-cf92f6a4754e,COXIM CAMBIO,8
c8e7ed76-3b1c-4a0b-b522-d7ba81bf2cda,BUCHA AMORTECEDOR,7
e7e574e3-172f-4c2b-92bf-d29ebef59406,KIT EMBREAGEM,7
fd491c39-63d7-429c-875b-1799b1bd4ac3,MANOPLA,7
38a47908-f747-4581-a382-1e10c3167366,CABOS DE VELAS,7
6a26d7a2-d81d-4314-8351-0de75ef1e5e4,CEBOLÃO DO RADIADOR,6
ed57745b-1999-4787-87a0-778a4a3b6f31,TAMBOR DE FREIO,6
4b5b2c0a-1ee4-4f7d-af07-6c39a6ffab73,BUCHA SUSPENÇÃO,6
8d7bab45-1b78-4b60-86e7-87c73263a782,COXIN AMORTECEDOR,6
d4d1caea-0e12-4852-bf0d-3dea79fceb9c,HIDRAULICO,6
0bc84d75-1856-4edf-821f-de04e3f4285d,BUCHA DO EIXO,6
d66b43fc-2d3a-420d-ab8e-d6c08398d19c,SUPORTE,6
b262f240-88e2-495a-920a-001955877e88,REPARO ALAVANCA,5
3ce12532-325b-46e7-82f6-399a75bf483c,JUNTA CATALIZADOR,5
d1b65cd2-7782-4bc8-867e-ab30fa058193,KIT RETIFICA,5
1b4e6738-9f05-4811-9960-1c9251a18448,TUBO DA MANGUEIRA,5
a38b8393-4a6b-48b5-8dde-4227595addbf,REPARO SAPATA,5
bd73a7e3-40d1-4774-baa6-0383ced05ca6,BUCHA BRAÇO,5
882fdd7e-0758-48be-a3b7-e197f2517378,BOMBA DE COMBUSTÍVEL,5
99c02d05-e52f-42ad-a4a2-28ac33a7a1d8,SENSOR MAP,5
1458d5fc-a4d3-4ed8-9722-1a2df53382d3,MANGUEIRA SUSPIRO,5
d54e1e27-b0e3-4d1f-a909-6b1ddeccf9e0,ROTOR DO DISTRIBUIDOR,5
fde5b46c-b93e-4f37-b145-309d70513097,MECANICO,5
a32809ea-dd0a-4e1f-89de-10778aacc198,PORTA ESCOVAS,5
4976c70e-1a8a-415d-abd6-6ec46d0a6b4b,BUCHA BARRA ESTABILIZADORA,5
420dcd76-26a4-4354-95f2-4f52e1d8a7c2,TAMPA DE COMBUSTIVEL,5
7e9fc692-5221-4916-9319-91f08cd3c315,REGULADOR DE FREIO,5
cc92796a-be6a-49f0-a7f7-e4a38fd28b78,ESCOVA CARVÃO,5
11dc6c21-864c-4dfe-9739-b74d3869c605,SENSOR DE ROTAÇÃO,5
4d469163-5d09-40f4-bbef-9d9566d20c6a,COTOVELO DA VALVULA TERMOSTATICA,5
cec02bba-cdd4-43ed-899a-67a1b3e0373d,LANTERNA DE PLACA,5
60c8d264-7a98-4e36-99d3-292ba993356a,TRIZETA,5
6eeb810c-34b5-4c9a-b21d-55f3237019d4,DIVERSOS CORSA,4
fc00a765-8998-4b76-bba2-f5072ac38eef,BOBINA DE IGNIÇÃO,4
730736ef-2394-4f99-9ae0-c6b7bc72a7a2,SUPORTE AMORTECEDOR,4
c08ae19a-05c0-4160-8c55-5d2ba921b7f4,KIT ALAVANCA,4
4086e7c0-bd46-43b3-975c-86020e6afd6d,JUNTA CARBURADOR,4
b67c4c65-beb0-41e0-9e3a-775b596cea7d,JUNTA CAIXA,4
5a0550d2-73d8-486a-9ca1-a3f832964545,PLUG ELETRÔNICO,4
5a5bc323-b33d-4d3a-984c-c46f264cde3e,ENGRENAGEM,4
29c14bf2-cb51-45e2-b206-7641e5c95f3e,MANIVELA,4
e3f230ab-2d17-439a-bcf9-752615401794,SENSOR DE BORBOLETA,4
6abeb73c-3afd-480f-be58-09c1d2ffc500,PINO DE PORTA,4
96cd14b8-96e9-47d2-845e-20dbb115ae77,INJEÇÃO,4
be585e42-1cdf-4a6f-a88d-46df85bcf980,IMPULSOR DE PARTIDA BENDIX,4
2ea1c2aa-62f5-45b6-843d-ef0762561d81,BANDEJA SUSPENSÃO,4
1d00496d-7be3-40a7-b573-8d4010f6646f,KIT COMPLETO CARBURADOR,4
a993ade2-d881-48d7-be7c-cfcdbdeb111a,PINO,3
b4411320-1a0a-4801-93ae-1e7e23748eef,CONEXÃO RÁPIDA,3
c9742382-3dff-413d-bc82-3e74625bacea,DEFLETOR,3
20653013-8a32-4d44-b70c-c11a9cb654b1,ATUADOR MARCHA LENTA,3
65e1b365-9399-4fe3-a227-ecf2b9e8d126,SUPORTE DO CAMBIO,3
33cf9fbb-b2a3-4552-b6ad-147b8139dbf6,SENSOR DE VELOCIDADE,3
01df4194-5675-4a86-ab69-0f6aa48f2e2a,COXIM ESCAPAMENTO,3
53c04ec6-86eb-4f10-a458-838511b6bbfc,CALOTA CUBO,3
5826aa05-a64b-49be-8d0b-98170926d7fb,BATENTE AMORTECEDOR,3
4fec15d7-61cf-4753-971e-16ad4839fb08,PRATO DE MOLA,3
76ae875a-7cbb-4c82-83be-ea8d83bf266b,ANTICHAMAS,3
ae953443-9bf7-4b24-9656-a90335ed1b36,BRUCUTU,3
ee51e766-325a-4003-a611-479cfb840f7d,TUCHO DE VELA,3
cf897d33-5fdd-4eaf-a15e-80f84e9d62ab,IGUINIÇÃO E INJEÇÃO,3
d4815c52-7e3e-4a92-9de9-9db00d2f3cfe,SUPORTE TENSORA,3
fbcfd176-9f56-4c08-9694-38fcba5430ef,INTERRUPTOR DE FREIO,3
742cc3ec-528f-4cbc-893f-481f207ff065,BOTÃO,3
45d9c11d-5dc1-4e0d-9f77-9cd148c25abe,BICO INJETOR,3
843695a5-0c07-4b61-9e25-6145a9364934,MANGUEIRA AQUECIMENTO,3
016a4ce8-dc46-4065-a07b-9487b3181f2e,BOTÃO DE PARTIDA,3
72ea7338-c3a9-401d-8db6-4b9d5ca3f4bb,BOMBA ELETRICA COMBUSTIVEL,3
170b8d27-f556-4911-8d87-d5fe71587bfc,TAMPA DE ÓLEO,3
b54ca56a-eaa4-4931-8e12-f74889bbe911,BUCHA GUIA DA ALAVANCA,3
0af85ad4-14d5-47cf-9f70-9657ae7edd6d,ALAVANCA CAPÔ,3
e3330856-8461-4586-b7d7-9c2e2e16cd1a,INTERRUPTOR,3
132a4c98-4d1f-49c2-ae23-8a411e5351dd,REFIL,3
ef1c5fb9-04a7-4adf-a23e-2c23ae4fdcb7,SANGRADOR,3
cba9ffa2-2d80-4601-b5a9-757416adc2f2,PORCA RODA,3
9fffcf7b-1aa3-4c57-a8f2-24f8f94a7968,TRAMBULADOR,2
84fbd85e-245f-4c18-b1d1-89464544c8e7,MOLA CARBURADOR,2
385b0421-5739-4090-88fa-8410aa174cec,REPARO INJETOR,2
8a774893-4c53-4aa0-a812-a1536408c98a,BUCHA DE ARRANQUE,2
106bc5c3-25f9-46c3-9b33-848e4c686e98,BUCHA DO LEQUE,2
cf891ad1-b7cc-4aa5-bac8-2e1991e5d452,CARCAÇA BOMBA,2
1bdacda7-22b7-4b23-b36e-350ac9a6b2dd,VÁLVULA TERMOSTÁTICA,2
1b67fd70-c335-4869-bc65-ae94f7570e74,CAVALETE DE DISTRIBUIÇÃO,2
db359e82-6596-4b43-a563-ed4b80fe4c95,COXIM CAIXA DIREÇÃO,2
7639e85c-8589-4c3b-8cf3-c33bae38be33,BATENTE,2
120bebb2-e912-47fe-b3ce-4a7592e14e1a,PORCA HOMOCINETICA,2
0efa8935-4cda-4a7d-ac1e-2d356c80bdca,ROLAMENTO COLUNA,2
23dbfaf3-98c3-4266-ad4e-9546a5fc8e19,SENSOR DE PRESSÃO,2
fcf40301-0e39-4c95-bc31-15c1b08c0675,ACABAMENTO VARETA CAPÔ,2
13df944c-e47f-4c1e-83dc-50ea2abe73c4,DESBORBULHADOR,2
06d20afc-353d-45a1-b77a-98857e8ffc99,KIT FEIXE MOLA,2
a44b02b9-9656-42f8-b943-aac6c5474f36,BORRACHA ANTICHAMA,2
778b26fa-4452-423e-b7ca-0a5c740a17b1,BUCHA QUADRO MOTOR,2
2e642044-3a69-451d-a375-7729caef8700,CONDENSADOR,2
96046b5e-db11-4434-8286-de9d03244e59,INTERRUPTOR LUZ DE FREIO,2
8ba3b51a-0250-483e-a401-95344e915a00,TIRANTE LIGAÇÃO,2
fabfed68-1bb4-4709-937c-a1be3ef701f7,PRESILHA PRA VARETA,2
dc0eef3f-bc41-42d6-b6cc-9ccfbf33293f,CARCAÇA DA VÁLVULA,2
56b0de4f-8c7b-4403-9ce8-43ed8cc93b34,SUPORTE  BARRA TENSORA,2
42b1b4ea-a538-4f91-8812-ae805575a4f9,TAMPÃO PAINEL,2
cb57bd69-bb1c-4381-903b-0edcd9257815,SONDA LOMBDA,2
5b1bd190-2d66-4264-8db1-a2f735a2db5a,TERMINAL  MACHO,2
ccba42d1-cb74-43d1-a225-f3becab541eb,BATENTE SUSPENÇÃO,2
2d1e55f9-f23a-45bf-8c74-0151ba3a5483,FLANGE,2
90b70568-7c59-4109-b9d1-2d0c3ac8fd8a,BUCHA TERMINAL,2
7754dcd3-da2d-4e41-b5af-f6391eb550c0,CHAVE REGULAR,2
f0d68d3f-f92d-4cdc-a043-6147bc142e54,BRONZINA,2
6f642283-f832-46cb-a7f1-1955cd383cfb,REPARO ESTABILIZADORA,2
d2dafc58-b025-458d-bba2-833a1551c7d5,VÁLVULA ANTICHAMA,2
30735f16-0f4f-44b6-84aa-f58b284a49e2,SUPORTE DO TRAMBULADOR,2
57cb3790-2ac6-41e3-a368-a8a19c605950,BUCHA TENSOR,2
29e914d6-ffc7-4f29-81b9-bfcc6727230b,COIFA CAMBIO,2
6aac16a3-b96e-4d84-b83e-0748881a1f81,PONTEIRA,2
8ddef9a2-9d67-4a5d-8822-2c65c6b88a7f,PRESILHA CABO DE VELA,2
56c76992-2040-4d50-9a15-9ae36e0939ae,JUNTA DO MOTOR,2
f50bd88a-02cc-44e9-80fc-eb07a8ddfe87,BUCHA MOLA,2
2cf94a62-69ef-4f70-b4e1-4594af15f531,JUNTA DISTRIBUIÇÃO,2
f6908a9c-8fef-43e0-9147-271045cbd3fa,CONECTOR RAPIDO,2
82ba6b98-9c16-4031-b578-9dc4f19e7c37,JUNTA INJEÇÃO  ELETRONICA,2
b2e671ee-587c-4a4e-9c65-273ed8f34bce,ARREBITE,2
5ec2a7c1-ae36-4081-bda2-1a9fdca4d190,ABRAÇADEIRA,2
33695e43-f56d-4a8a-ae14-bcc47c39c38a,CIRCÚITOS,2
08e7b737-71fb-4dd8-9c0c-7b439b0b374f,BOMBA LAVADOR,2
6fb9abfc-3e32-4b3b-85f7-0f834c0f699d,MALHA AÇO,2
c823bc48-bfe1-44aa-8b5d-7c32a0d4f49a,GRAMPO DE PORTA,2
6baafe4f-9301-4e28-a581-6150d0369837,TAMPÃO,2
598becce-c681-4395-b77d-dbc029461bb4,TAMPA RESERVATÓRIO GASOLINA,2
d8527274-29f4-4a28-9b76-32cf0ea9b43f,RELÉ DO FAROL,2
b63b190f-4500-4070-b812-71ad2262fd16,CONEXÃO COLETOR,2
02fc736f-1259-4b67-9e0b-9e2256a3e8dd,DIVERSOS VERONA/ APPOLO,2
f48cb20f-72f8-420c-93ab-48ec144d19ad,PORCA DO PARAF. AGREGADO,2
93f62f49-d625-4318-b0ec-28bbd1e8d999,TAMPÃO DO PORTA MALAS,1
ef9ff377-4446-4deb-ab96-dacb1d763874,PRESILHA COXIM,1
188c0a3c-e27a-478a-a56c-736a4ebb24c2,JUNTA ÓLEO,1
be6741d7-1e73-4dca-8115-4a2525c4f7c4,REPARO DE BICO,1
9dedd591-b45c-4f7c-a1f0-5362a4d7cfa3,COXIM BARRA ESTABILIZADORA,1
944e74c0-ab43-4e31-8fe0-c9c093c8f678,TRAVA PIVÔ,1
7b12e240-86a4-4abf-9091-e4335efd124e,REPARO ALAV. CAMBIO COMPLETO,1
d104fe22-1e8a-41d7-988b-b61821442aa8,BUCHA DE DESCANSA BRACO,1
a58bcac8-d510-4829-aafa-b70a9502ad44,PINÇA,1
61702846-aaec-45e4-a8c2-0a2226057ab6,MEDIDOR DE COMBUSTÍVEL,1
75d96cf4-6c03-419e-84f6-172b327e79c1,BARRA LIMPADOR,1
16e692a7-cfc6-4598-ad47-72973f891396,PONTEIRA CABO MARCHA,1
26bbaacd-4369-41d7-810c-e8e76dd6a545,TAMPA DO RADIADOR,1
960f9cf0-b029-40ec-8b94-5e4314a46b3c,PINHÃO VELOCIMENTRO,1
0676a262-3a2c-44be-be22-fef4934ec80c,CAPA BANCO,1
f395836a-32ae-4f58-a5e1-3d071c3fe654,GRAMPOS DA CALOTA,1
7372bab0-fe97-4132-b17f-a2a9cab488ea,TUBO GUIA,1
bc13e6df-3b91-45c0-a96b-14189bff5f6f,TAMPA RESERVATÓRIO LIMPADOR,1
f35ff4bb-05e4-4677-a011-6ed70dcce41a,CALÇO DIFERENCIAL,1
dc48d22d-d158-41f0-afac-210ea48334eb,COXIM DIFERENCIAL,1
a9bfee5e-ed38-46fc-b13f-018fab8b9bc6,TUBO ENTRADA AGUA,1
f1d6a91e-f8ce-4fe2-9797-4114620772fa,COXIM DA BARRA ESTABILIZADORA,1
a21f4327-905b-45e1-a976-a7c3a4d0c6f1,PRENDEDOR,1
1ecd0d1b-0f84-404d-a5d1-9c54afc3ae3e,BUCHA PONTA VARETA CAPÔ,1
e1f22a7e-c6fe-4218-9577-0b933b744900,JOGO RETENTORES,1
df3c0be5-75d3-473c-b3c1-fdcb049f4650,GUARDA PO,1
99355e75-c2ca-4c11-8246-fb888d2335dd,GRAMPO VARETA CAPÔ,1
a04beb5a-5706-4e31-b18e-144a2d16e6f5,CARVÃO DO DISTRIBUIDOR,1
deb45cb6-bd97-4410-94de-1e83a798a075,COPO DE BOMBA COMBUSTÍVEL,1
c349417f-bc09-4530-a3c1-a2ad74227700,ALONGADOR DE VELA,1
843373c7-2b39-4260-abf3-5da3aa482a88,MOTOR MACHA LENTA,1
f17386d9-a834-4c8f-b555-ffc40f0b84b7,SUPORTE SUSPENSÃO,1
1885e270-9c85-4aea-b13d-0fc1843806e9,PRESILHA SOLEIRA,1
8ec41c26-5681-4f22-8dfd-6e24cd47912e,TAMPÃO DO RESPIRO CATALIZADOR,1
ef758f63-3d6f-4ad3-9215-87b7d5fb589a,PORCA ESTEPE,1
deda91ec-ee90-4b89-811f-0cb812f19227,ACOPL. SETOR DIREÇÃO,1
bc95e351-a671-40a7-8482-5533064efa7b,HASTE BARRA  ESTABILIZADORA,1
62362f76-419c-4484-b332-51dbfefcc507,ROLO GUIA CORREIA DENTADA,1
9d4fa408-54d4-43b5-819c-aeabde549fc8,SUPORTE FIXO BATERIA,1
4c732de8-73fa-4379-82d9-bb50e79b93e7,CONEXÃO DE FLUXO D'AGUA,1
4662cb4e-d18d-41f4-80a5-2bef877a0ef9,VÁLVULA SOLENOIDE,1
2856043e-38b0-4a73-9a0c-f4bcfbb993fa,KIT DIAFRAGMA,1
3bd7aab9-40fe-421d-a2a3-026addde8e0b,CORREA POLY V,1
e18825da-35b0-4109-a590-8b7edf19a96e,VEDADOR VARETA DE ÓLEO,1
a232a47b-0e3e-4627-9c6c-438c132b8b48,SUPORTE QUEBRA SOL,1
c0ed46a3-e3a6-4e54-994a-938a31751d7b,REGISTRO ÁGUA RADIADOR,1
9eb63522-bc13-4aca-b647-9b55fac0f07e,GRAMPO FIXAÇÃO GRADE,1
76f9b9a2-3857-45d4-acc5-949dca2af0cd,ROL. CORREIA AR CONDICIONADO,1
4070b069-8328-410c-98a5-64a49e058652,REPARO EMBREAGEM,1
cb2fce4c-f2de-4101-b45e-9d8d31a568d3,BORRACHA DO RADIADOR,1
30f776ee-c305-4e24-9c9e-97bf2093548e,ROLAMENTO COIFA,1
0680ffa0-6514-461e-b2e6-96e94b9e7948,JUNTA DE FLANGE,1
b7b84884-e276-40f3-ad92-0b6217879772,TAMPA DO COMANDO DE VALVULA,1
4922b106-3661-48e7-8546-e9f9553d5578,CHAVE DE LUZ FAROL,1
378b7cb1-17e2-4cab-b0c6-720adebf2e49,FRISO,1
a901aa00-7d4d-460e-afc9-46a1e167a7e5,JOGO ESCOVAS,1
f92410d4-4de6-4c11-ba9b-3c05139ec6a6,TAPA CILINDROS,1
a5851a16-a709-42b8-9780-7229a36f26b6,PARAFUSO HOMOCINÉTICA,1
b65568ac-b8fa-46ab-8485-3231519384d8,CORDÃO TAMPÃO,1
546d7516-5aad-40ac-bc5b-075e0402c9ed,PENEIRA CARTER,1
5aab989a-b52d-4dbc-aeca-6dfcbf3209e4,CONDUITE,1
20ed1f89-631b-4f61-b366-ba2f58db1bba,ADAPTADOR DE ESGUICHO,1
6f5dae13-6ce1-45fa-86a1-368d0764ffad,GRAMPO DE CARPETE,1
266f554f-d336-4f50-8202-1fb987f4dd51,MOLDURA MAÇANETA,1
2e26db71-7c0d-4955-9e1b-a208513ee144,REGULADOR DE PRESSÃO,1
453c23ee-830a-43bb-8878-b61066c1925d,SENSOR DE TEMPERATURA PAINEL,1
9885e9b0-c6df-40e1-9772-e7af227ff39e,PRESILHA CHICOTE E DUTO,1
f0182afa-58d9-4a6c-9619-28bb6ba7187b,COTOVELO DO CAVALETE,1
ff878c42-1711-4440-a40d-72848248b6d4,PARAFUSO PARALAMA,1
34d12811-1b40-4c28-aba4-2888800dec7b,BRAÇO OSCILANTE,1
6b4d4e9d-cdcd-4fd9-a19a-eb5519945473,REBITE PARA BARRA,1
d7d1ae98-85b0-4bfe-8d81-4e0b6822ef75,PRATO AMORTECEDOR,1
e8641f6e-d55c-4571-97bf-d17515ef256e,SENSOR HALL,1
53f1c4c3-3232-4dcb-b423-b28b81f71243,BALACIN,1
915218ca-06f8-4a3e-a337-e722a719f780,COXIM MOLA,1
c23667c4-0aa0-4c4d-be56-ba4d2e00eab7,KIT VEDAÇÃO,1
f7efba59-799b-4408-8348-019e35c48613,CARCAÇA,1
750a2606-93a6-4be3-9ced-e666969b1f12,GUIA VARETA,1
939f78ef-c7b3-4221-b1d7-b3026bb41857,GRAMPO DE PLACA,1
9b56591a-73e3-45bb-ab9b-e6117e15bef5,CONECTOR 2 VIAS,1
ca15d66e-564d-49ab-a82e-2246909e67ec,ARRUELA PARA CALOTA,1
7e24dfcc-6572-42b0-885a-a421c6306de1,FLAUTA BICO INJETOR,1
7dc99489-e31c-4084-822b-4c8c76758b7d,TAMPA DO DISTRIBUIDOR,1
05aa928b-a004-46e7-a08b-5f1362a895f9,BATENTE PORTA,1
90fd43ae-cec2-433d-82a4-ed9a2aa7ed87,ALAVANCA FREIO,1
c8999f98-31a0-4746-84ce-3eaccbf33688,PORCA PARALAMA,1
e0cc0b9f-dbd0-4a07-ab71-3c8b02e9e157,BUCHA FEIXE MOLA,1
1c8c30c2-bb27-42f5-888f-cea7f8f433a4,GRAMPO PRESILHA PARALAMA,1
120e23c0-4eaf-45b9-a800-67b74046f034,KIT SUSPENSÂO TRASEIRO,1
d84dfa9f-bc1a-4e1b-8045-444cd3eaab8b,BUCHA ALAVANCA CAMBIO,1
740f35b5-be76-4087-a4ae-072def98a41c,ANEL ADMISSÃO,1
910e03dc-44e8-4d24-adaf-868bcde63713,PRATO MOLA,1
19c3bb78-6e9e-41fe-8934-32d62ecb78e0,PORTA FUSIVEL,1
6ade9fd3-bf5c-4e24-bfc5-f5f2e870e987,BUCHA ESPAÇADORA,1
b4f3acc9-c640-4e03-8a48-6c881b04c59f,CAIXA,1
813b583e-9722-4e3e-a6ac-9fce8976a862,LUVA TERMINAL FÊMEA/MACHO,1
18f075cb-bb64-490f-b0e3-b215c1fe4a34,JUNTA COLETOR ADMISSÃO,1
4ce00955-029a-4065-8dce-7d0e094396b6,ENGRENAGEM RODA LIVRE,1
ce3cac36-0897-4e03-a9ca-d15ab768bb8d,DUTOS,1
3fcf103f-17aa-4346-a3ee-76eec3167bfb,CARRETEL DO ACELERADOR,1
45a98625-f47c-4fd9-94c3-a793f3657a21,BOIA CARBURADOR,1
2951f869-8ade-4197-85f5-ffc14f537ae8,BUJÃO CARTER,1
0c4f2338-9a33-451a-a916-704ab683a4d1,GUARDA-PO ALAVANCA CAMBIO,1
23759b85-b3cc-4a98-b2ce-6bc5945f83b0,RESERVATORIO OLEO,1
73618067-f197-4016-a095-ad0e594dbc60,GRAMPO FORRAÇÃO INTERNA,1
2def5827-ad10-45f9-82a1-4bf7681905fe,GRAMPO DO TETO,1
cf524caf-1d5e-4367-b352-66313e15f3c6,FLANGE D´ÁGUA,1
e79fa760-1905-43ac-9e6d-9cd5278f7555,FLANGE BOMBA,1
575acc74-7f12-4857-aa3d-f23f38fda8a5,ADAPTADOR CARBURADOR,1
f47c3280-f83a-4edb-8033-1bd5d95ce529,FILTRO DE INJEÇÃO,1
b823927f-bcca-4c79-82b9-a5395a193685,ELETROBOMBA,1
62aff17b-feb6-4d7c-b2c9-993e4e8099e3,SUPORTE COXIM,1
0bbdce4d-200c-45b8-ad1f-e7aefde8fa35,BORRACHA DA SUSPENÇÃO TRASEIRA,1
048a051a-9419-43a5-86e1-442e4b6b2e48,BUCHA DAS MOLDURAS EXTERNAS,1
022c613a-231b-4932-a3cf-aee553506753,KIT JUNTAS,1
bda53d55-a7a0-4917-b30f-c004abbea529,ARRUELA DO CARTER,1
99446858-180f-4915-aa6f-961266012fb3,BORRACHA VARETA CAPÔ,1
fa9619f1-98ef-47f8-b8eb-9cb3391c3018,RELÉ DE PARTIDA,1
0df7e399-0a10-496d-8909-1788647ff284,TERMINAL UNIVERSAL,1
168e694f-bd1c-4118-ada8-10f6435c7b8c,ALAVANCA,1
4d492cb7-c2f8-4a41-8928-277ed6f8c051,TUBO INJETOR,1
a665ba9c-4110-4009-b8a1-29801eae9296,JUNTA BOMBA D´ÁGUA,1
b6515e52-d051-4bd8-8d39-f2fc20742f3b,CHAPA ENCOSTO ALAVANCA,1
f4db80ff-7336-491e-83b7-f27ef9f135ff,CONECTOR,1
a70f6f5b-22f1-42ad-bf76-7ec536f26b14,CALÇO,1
59d11ea5-cc0d-4313-90df-5bd6f87d7315,JUNTA TAMPA,1
5703c40d-1377-419d-8405-0c231abac49f,TAMPA DE VÁLVULA,1
63c03a40-8e50-4e1b-b88d-fbce7105f554,GUARNIÇÃO,1
c95eb6b7-c182-428d-9bbb-858359c2d81f,TERMINAL DE TERMINAL DE ENCAIXE,1
27410e96-8507-41ca-93ae-a51d42867335,PRESILHAS DE PORTA,1
ed3b28e6-f4c6-4b8e-8962-c8202ccca509,ROLDANA BANCO,1
25047a1d-e3c9-480c-be6e-caa3f8666890,CONECTOR COLETOR RESFRIADOR DO MOTOR,1
5a90a09a-7a01-4669-a5d0-45aa99ee747f,CINTO DE SEGURANÇA,1
af4341d5-e50a-4c03-8f31-da387081a382,REPARO TER. CABO ENERGIA,1
ccf4139f-bbc4-4d10-8c55-1df0f42f6498,SUPORTE CARBURADOR,1
f5d936e1-c19f-4ec4-9124-3a6e151cb987,DENTADURA CALÇO BANCO,1
56f39c8a-a58d-4c71-b454-5c6515b37bf0,POLIA DE MOTOR,1
ab9bc41c-ce82-4437-b7b8-c5c82343ded0,BUCHA RESERVATORIO,1
6519627d-3102-48cc-94de-968e6e660b02,BUCHA VARÃO ALAVANCA,1
4ce9da81-728a-44ec-8742-24fffb135723,BOCAL DO TUBO,1
955e8dd1-aa59-4a71-84c9-3f969d6c89be,GRAMPO PARA PORTA MALA,1
07f6a724-8256-4eeb-abb8-19d67c1fb769,CHAPA ENCOSTO EMBREAGEM,1
97524e21-806c-487d-9157-86975c77122a,SENSOR DE PEDAL,1
b6d43f57-f2d7-46a0-be91-e447075f7b8a,PEÇAS,0
a2504353-4f99-488a-8219-9e204812090e,ENGATE RODA LIVRE,0
cc238509-f3ab-47f2-bc7b-7f9e7306c523,KIT BARRA,0
294ac4a5-b17d-4b8d-b066-0b36639bbd25,AMORTECEDOR,0
c8d30b70-b420-44d8-b12b-0d6929d12ecc,RETENTO VOLANTE,0
0d6321f9-722e-4179-b8fe-56b46bbcfa77,PRESILHA DE FORRO,0
e1bb0961-5275-40c2-8377-5f8982da73a6,TAN CLICK,0
a68b7f98-2a9c-4377-b30f-ccca57d8157f,DESCANSO VARETA CAPÔ,0
5656041d-52cd-405c-a731-b37b59f81b25,S.Y. L,0
983aa593-82ca-47aa-8a65-3ba1b8ba864d,REBITE P/ CHOQUE,0
eb6d9eda-f4d5-45d7-8dab-0022f7cfc18a,BORRACHA SUAPE,0
bae9e530-6b6b-4908-ba33-671fb11ae9dc,PORCA BORBOLETA,0
0ebb7510-cc82-471e-a702-df77c3f0ff48,PARAFUSO REGULADOR DE FREIO,0
a6b24b1c-cee0-4ab9-b623-4235c37e488c,LUBRIFICANTES,0